id,target
0,8
1,17
2,3
3,17
4,5
5,17
6,3
7,6
8,0
9,3
10,17
11,0
12,17
13,15
14,17
15,17
16,10
17,0
18,17
19,10
20,14
21,13
22,17
23,10
24,10
25,0
26,3
27,10
28,14
29,2
30,0
31,17
32,8
33,10
34,11
35,5
36,10
37,17
38,10
39,10
40,0
41,15
42,0
43,6
44,0
45,6
46,8
47,8
48,5
49,14
50,16
51,14
52,14
53,17
54,10
55,6
56,17
57,14
58,10
59,8
60,17
61,6
62,0
63,5
64,10
65,3
66,17
67,0
68,10
69,10
70,6
71,0
72,6
73,10
74,16
75,17
76,10
77,15
78,6
79,10
80,17
81,0
82,10
83,15
84,6
85,10
86,10
87,5
88,5
89,11
90,17
91,10
92,17
93,10
94,3
95,8
96,17
97,8
98,17
99,3
100,3
101,17
102,0
103,6
104,5
105,5
106,5
107,17
108,14
109,16
110,15
111,16
112,17
113,0
114,0
115,10
116,8
117,17
118,10
119,14
120,17
121,17
122,16
123,17
124,17
125,17
126,17
127,6
128,0
129,5
130,0
131,10
132,10
133,3
134,8
135,14
136,0
137,6
138,0
139,7
140,17
141,5
142,17
143,6
144,10
145,0
146,14
147,6
148,10
149,10
150,17
151,15
152,15
153,5
154,17
155,10
156,8
157,17
158,3
159,10
160,17
161,17
162,10
163,6
164,17
165,14
166,10
167,3
168,10
169,7
170,6
171,0
172,10
173,10
174,8
175,8
176,0
177,6
178,14
179,3
180,17
181,0
182,10
183,3
184,10
185,0
186,17
187,10
188,17
189,17
190,3
191,0
192,10
193,6
194,17
195,6
196,6
197,17
198,17
199,17
200,5
201,14
202,0
203,0
204,0
205,7
206,5
207,10
208,10
209,0
210,17
211,6
212,5
213,10
214,14
215,6
216,13
217,17
218,3
219,14
220,17
221,17
222,17
223,17
224,0
225,10
226,5
227,0
228,5
229,0
230,17
231,11
232,17
233,0
234,0
235,6
236,10
237,17
238,16
239,4
240,17
241,3
242,16
243,17
244,0
245,10
246,3
247,16
248,9
249,14
250,17
251,3
252,15
253,10
254,10
255,0
256,3
257,8
258,16
259,10
260,17
261,6
262,10
263,13
264,10
265,10
266,10
267,8
268,17
269,14
270,14
271,0
272,17
273,17
274,10
275,1
276,17
277,17
278,17
279,0
280,8
281,0
282,10
283,10
284,0
285,3
286,0
287,0
288,10
289,17
290,0
291,10
292,17
293,9
294,12
295,17
296,5
297,17
298,10
299,17
300,3
301,0
302,16
303,17
304,0
305,10
306,8
307,8
308,12
309,17
310,10
311,0
312,8
313,10
314,10
315,3
316,10
317,5
318,6
319,0
320,0
321,0
322,6
323,17
324,14
325,2
326,5
327,10
328,14
329,17
330,17
331,6
332,17
333,10
334,17
335,6
336,14
337,5
338,6
339,17
340,17
341,17
342,3
343,2
344,10
345,0
346,3
347,8
348,17
349,10
350,6
351,10
352,10
353,3
354,0
355,14
356,17
357,16
358,14
359,17
360,0
361,10
362,0
363,6
364,0
365,16
366,3
367,0
368,10
369,3
370,10
371,15
372,6
373,17
374,14
375,8
376,17
377,5
378,0
379,6
380,0
381,11
382,10
383,17
384,14
385,3
386,4
387,10
388,6
389,11
390,14
391,6
392,17
393,3
394,3
395,0
396,11
397,8
398,0
399,0
400,0
401,10
402,14
403,6
404,0
405,7
406,0
407,10
408,6
409,17
410,0
411,10
412,3
413,8
414,6
415,5
416,0
417,0
418,15
419,10
420,0
421,17
422,13
423,12
424,17
425,10
426,17
427,0
428,6
429,8
430,11
431,10
432,15
433,3
434,8
435,17
436,5
437,3
438,2
439,10
440,14
441,17
442,14
443,5
444,10
445,17
446,14
447,3
448,5
449,15
450,17
451,0
452,14
453,16
454,17
455,10
456,0
457,0
458,14
459,0
460,5
461,8
462,17
463,17
464,17
465,0
466,17
467,10
468,0
469,0
470,14
471,8
472,17
473,0
474,11
475,10
476,17
477,17
478,17
479,6
480,5
481,17
482,3
483,16
484,17
485,15
486,17
487,3
488,0
489,14
490,0
491,0
492,14
493,0
494,6
495,10
496,6
497,8
498,0
499,0
500,0
501,11
502,6
503,0
504,17
505,10
506,10
507,0
508,17
509,10
510,17
511,16
512,3
513,6
514,6
515,17
516,6
517,0
518,17
519,14
520,17
521,8
522,5
523,4
524,15
525,0
526,0
527,10
528,10
529,17
530,10
531,5
532,14
533,0
534,14
535,6
536,0
537,14
538,8
539,10
540,17
541,17
542,14
543,2
544,14
545,15
546,17
547,10
548,0
549,10
550,10
551,10
552,0
553,0
554,6
555,0
556,5
557,17
558,17
559,0
560,10
561,15
562,3
563,14
564,3
565,15
566,3
567,0
568,0
569,6
570,8
571,17
572,10
573,8
574,17
575,3
576,17
577,17
578,6
579,17
580,16
581,0
582,8
583,17
584,3
585,3
586,10
587,16
588,17
589,0
590,1
591,8
592,10
593,2
594,8
595,10
596,0
597,12
598,3
599,10
600,11
601,3
602,3
603,10
604,8
605,17
606,10
607,8
608,17
609,17
610,14
611,17
612,10
613,10
614,15
615,17
616,17
617,3
618,0
619,17
620,15
621,14
622,12
623,14
624,10
625,17
626,6
627,10
628,17
629,0
630,17
631,14
632,3
633,6
634,17
635,6
636,8
637,6
638,17
639,0
640,15
641,13
642,6
643,17
644,17
645,10
646,10
647,14
648,10
649,10
650,0
651,6
652,8
653,6
654,10
655,17
656,3
657,0
658,3
659,0
660,17
661,8
662,10
663,17
664,0
665,8
666,17
667,3
668,0
669,17
670,3
671,16
672,10
673,10
674,0
675,14
676,6
677,5
678,10
679,3
680,14
681,0
682,8
683,0
684,3
685,0
686,10
687,1
688,8
689,5
690,5
691,6
692,17
693,6
694,10
695,5
696,0
697,17
698,17
699,0
700,17
701,0
702,17
703,17
704,10
705,15
706,17
707,0
708,14
709,6
710,14
711,17
712,3
713,0
714,6
715,0
716,17
717,10
718,10
719,10
720,17
721,10
722,6
723,10
724,3
725,17
726,14
727,8
728,17
729,7
730,0
731,17
732,0
733,6
734,0
735,16
736,17
737,17
738,8
739,0
740,16
741,0
742,0
743,0
744,6
745,6
746,10
747,8
748,10
749,6
750,8
751,0
752,3
753,0
754,0
755,0
756,14
757,6
758,14
759,10
760,8
761,17
762,17
763,0
764,16
765,10
766,10
767,14
768,17
769,15
770,14
771,5
772,10
773,10
774,15
775,3
776,8
777,3
778,5
779,17
780,3
781,1
782,8
783,17
784,10
785,5
786,8
787,10
788,14
789,14
790,14
791,14
792,6
793,14
794,5
795,10
796,10
797,3
798,14
799,0
800,0
801,0
802,17
803,3
804,5
805,0
806,17
807,10
808,0
809,17
810,2
811,13
812,14
813,15
814,16
815,17
816,10
817,17
818,17
819,10
820,0
821,17
822,14
823,10
824,14
825,6
826,10
827,17
828,8
829,10
830,15
831,10
832,17
833,5
834,10
835,10
836,14
837,16
838,0
839,15
840,13
841,14
842,14
843,6
844,0
845,10
846,2
847,0
848,17
849,10
850,17
851,0
852,0
853,6
854,14
855,10
856,0
857,10
858,14
859,0
860,3
861,10
862,17
863,8
864,12
865,6
866,15
867,0
868,14
869,3
870,12
871,17
872,17
873,16
874,10
875,8
876,8
877,6
878,14
879,5
880,17
881,10
882,17
883,12
884,17
885,15
886,14
887,14
888,17
889,17
890,10
891,9
892,17
893,17
894,14
895,14
896,17
897,10
898,3
899,5
900,6
901,8
902,10
903,17
904,5
905,5
906,5
907,2
908,0
909,0
910,5
911,17
912,0
913,14
914,10
915,17
916,16
917,3
918,13
919,17
920,10
921,2
922,16
923,0
924,6
925,8
926,17
927,5
928,17
929,6
930,10
931,10
932,16
933,17
934,0
935,6
936,5
937,17
938,10
939,6
940,10
941,17
942,17
943,5
944,0
945,8
946,16
947,0
948,3
949,17
950,17
951,0
952,1
953,14
954,17
955,5
956,5
957,10
958,17
959,17
960,6
961,17
962,3
963,10
964,17
965,12
966,16
967,10
968,8
969,10
970,10
971,16
972,17
973,6
974,6
975,13
976,17
977,17
978,14
979,3
980,8
981,17
982,17
983,0
984,3
985,10
986,17
987,13
988,10
989,17
990,6
991,6
992,17
993,10
994,11
995,17
996,17
997,17
998,11
999,10
1000,17
1001,0
1002,0
1003,6
1004,0
1005,10
1006,0
1007,0
1008,8
1009,0
1010,14
1011,10
1012,0
1013,10
1014,5
1015,0
1016,10
1017,0
1018,0
1019,0
1020,8
1021,17
1022,8
1023,10
1024,17
1025,8
1026,0
1027,14
1028,12
1029,10
1030,8
1031,17
1032,17
1033,10
1034,0
1035,10
1036,1
1037,16
1038,0
1039,0
1040,8
1041,5
1042,10
1043,10
1044,0
1045,17
1046,5
1047,0
1048,17
1049,16
1050,10
1051,17
1052,17
1053,17
1054,10
1055,7
1056,11
1057,16
1058,17
1059,2
1060,14
1061,10
1062,17
1063,0
1064,17
1065,17
1066,17
1067,0
1068,6
1069,10
1070,0
1071,3
1072,10
1073,0
1074,0
1075,14
1076,0
1077,3
1078,10
1079,17
1080,10
1081,0
1082,17
1083,10
1084,6
1085,10
1086,6
1087,1
1088,10
1089,10
1090,17
1091,5
1092,10
1093,8
1094,6
1095,16
1096,14
1097,15
1098,17
1099,17
1100,8
1101,0
1102,10
1103,0
1104,5
1105,10
1106,10
1107,5
1108,0
1109,14
1110,3
1111,0
1112,17
1113,10
1114,14
1115,6
1116,8
1117,11
1118,17
1119,10
1120,0
1121,6
1122,16
1123,9
1124,6
1125,14
1126,0
1127,0
1128,17
1129,0
1130,0
1131,17
1132,17
1133,8
1134,13
1135,6
1136,11
1137,5
1138,10
1139,14
1140,14
1141,14
1142,17
1143,10
1144,17
1145,16
1146,17
1147,14
1148,17
1149,15
1150,10
1151,15
1152,10
1153,17
1154,15
1155,0
1156,15
1157,17
1158,10
1159,3
1160,10
1161,10
1162,17
1163,6
1164,14
1165,17
1166,8
1167,6
1168,17
1169,6
1170,0
1171,13
1172,0
1173,11
1174,0
1175,17
1176,10
1177,5
1178,6
1179,5
1180,3
1181,14
1182,17
1183,17
1184,17
1185,10
1186,15
1187,5
1188,17
1189,10
1190,8
1191,17
1192,14
1193,17
1194,15
1195,17
1196,6
1197,14
1198,10
1199,17
1200,5
1201,14
1202,0
1203,17
1204,6
1205,3
1206,6
1207,6
1208,17
1209,8
1210,6
1211,17
1212,17
1213,3
1214,0
1215,10
1216,6
1217,17
1218,17
1219,10
1220,16
1221,17
1222,16
1223,15
1224,5
1225,17
1226,0
1227,10
1228,11
1229,5
1230,17
1231,10
1232,8
1233,6
1234,0
1235,17
1236,17
1237,5
1238,16
1239,10
1240,0
1241,17
1242,5
1243,3
1244,0
1245,5
1246,17
1247,14
1248,10
1249,3
1250,5
1251,16
1252,7
1253,6
1254,10
1255,8
1256,17
1257,3
1258,6
1259,17
1260,0
1261,17
1262,8
1263,16
1264,0
1265,1
1266,12
1267,0
1268,15
1269,5
1270,6
1271,14
1272,0
1273,0
1274,0
1275,5
1276,5
1277,17
1278,5
1279,11
1280,0
1281,14
1282,14
1283,8
1284,3
1285,17
1286,3
1287,10
1288,17
1289,10
1290,10
1291,8
1292,10
1293,0
1294,3
1295,17
1296,5
1297,5
1298,10
1299,10
1300,10
1301,10
1302,10
1303,17
1304,14
1305,8
1306,14
1307,10
1308,16
1309,3
1310,17
1311,17
1312,17
1313,10
1314,0
1315,13
1316,14
1317,5
1318,6
1319,6
1320,15
1321,0
1322,17
1323,17
1324,17
1325,0
1326,8
1327,5
1328,6
1329,17
1330,16
1331,13
1332,0
1333,12
1334,0
1335,5
1336,6
1337,0
1338,6
1339,9
1340,14
1341,14
1342,17
1343,17
1344,11
1345,10
1346,17
1347,10
1348,0
1349,10
1350,17
1351,17
1352,17
1353,17
1354,6
1355,3
1356,14
1357,6
1358,10
1359,14
1360,15
1361,10
1362,3
1363,5
1364,17
1365,17
1366,14
1367,0
1368,10
1369,17
1370,10
1371,17
1372,0
1373,14
1374,10
1375,6
1376,17
1377,14
1378,16
1379,0
1380,10
1381,0
1382,6
1383,17
1384,17
1385,5
1386,15
1387,0
1388,17
1389,0
1390,17
1391,3
1392,10
1393,0
1394,10
1395,5
1396,17
1397,0
1398,16
1399,12
1400,0
1401,17
1402,17
1403,17
1404,17
1405,5
1406,6
1407,5
1408,0
1409,17
1410,0
1411,0
1412,17
1413,10
1414,17
1415,17
1416,6
1417,15
1418,5
1419,10
1420,17
1421,17
1422,6
1423,6
1424,8
1425,17
1426,3
1427,13
1428,5
1429,8
1430,10
1431,8
1432,10
1433,17
1434,0
1435,17
1436,16
1437,7
1438,17
1439,10
1440,6
1441,14
1442,17
1443,7
1444,14
1445,3
1446,0
1447,15
1448,15
1449,10
1450,6
1451,6
1452,2
1453,10
1454,8
1455,14
1456,17
1457,17
1458,6
1459,11
1460,17
1461,5
1462,3
1463,14
1464,10
1465,0
1466,17
1467,10
1468,10
1469,6
1470,3
1471,8
1472,17
1473,3
1474,10
1475,17
1476,0
1477,10
1478,17
1479,17
1480,15
1481,10
1482,0
1483,8
1484,5
1485,6
1486,8
1487,10
1488,10
1489,7
1490,17
1491,12
1492,3
1493,10
1494,10
1495,14
1496,6
1497,17
1498,10
1499,17
1500,6
1501,10
1502,0
1503,16
1504,17
1505,17
1506,10
1507,13
1508,17
1509,15
1510,10
1511,0
1512,0
1513,5
1514,0
1515,10
1516,10
1517,0
1518,10
1519,6
1520,8
1521,14
1522,0
1523,6
1524,0
1525,16
1526,14
1527,16
1528,14
1529,10
1530,14
1531,14
1532,0
1533,5
1534,17
1535,3
1536,8
1537,10
1538,17
1539,3
1540,0
1541,0
1542,10
1543,0
1544,6
1545,14
1546,17
1547,0
1548,3
1549,10
1550,6
1551,3
1552,17
1553,17
1554,10
1555,0
1556,14
1557,0
1558,10
1559,6
1560,15
1561,17
1562,0
1563,17
1564,8
1565,0
1566,14
1567,0
1568,14
1569,8
1570,17
1571,17
1572,8
1573,3
1574,10
1575,0
1576,17
1577,17
1578,17
1579,17
1580,17
1581,5
1582,6
1583,10
1584,10
1585,3
1586,8
1587,10
1588,16
1589,6
1590,0
1591,3
1592,17
1593,15
1594,2
1595,0
1596,6
1597,10
1598,8
1599,6
1600,11
1601,6
1602,13
1603,17
1604,16
1605,8
1606,6
1607,3
1608,17
1609,17
1610,8
1611,0
1612,0
1613,0
1614,3
1615,10
1616,14
1617,17
1618,6
1619,17
1620,7
1621,16
1622,6
1623,17
1624,8
1625,17
1626,17
1627,10
1628,17
1629,6
1630,10
1631,6
1632,0
1633,2
1634,6
1635,8
1636,8
1637,5
1638,10
1639,15
1640,6
1641,0
1642,6
1643,12
1644,17
1645,0
1646,10
1647,16
1648,17
1649,10
1650,17
1651,6
1652,14
1653,0
1654,6
1655,0
1656,17
1657,13
1658,14
1659,17
1660,5
1661,17
1662,0
1663,14
1664,14
1665,14
1666,14
1667,14
1668,17
1669,14
1670,17
1671,6
1672,15
1673,10
1674,0
1675,13
1676,10
1677,10
1678,0
1679,5
1680,6
1681,7
1682,17
1683,8
1684,10
1685,10
1686,6
1687,17
1688,1
1689,14
1690,17
1691,5
1692,6
1693,8
1694,3
1695,17
1696,17
1697,5
1698,17
1699,15
1700,0
1701,14
1702,7
1703,17
1704,5
1705,10
1706,0
1707,10
1708,0
1709,10
1710,1
1711,14
1712,17
1713,0
1714,10
1715,1
1716,10
1717,3
1718,10
1719,6
1720,0
1721,8
1722,0
1723,14
1724,17
1725,14
1726,6
1727,3
1728,17
1729,10
1730,14
1731,10
1732,9
1733,0
1734,3
1735,11
1736,0
1737,17
1738,10
1739,14
1740,16
1741,17
1742,10
1743,0
1744,14
1745,11
1746,8
1747,10
1748,17
1749,10
1750,16
1751,5
1752,17
1753,17
1754,3
1755,3
1756,5
1757,17
1758,8
1759,6
1760,0
1761,5
1762,3
1763,3
1764,17
1765,10
1766,0
1767,17
1768,14
1769,3
1770,8
1771,10
1772,6
1773,4
1774,17
1775,14
1776,15
1777,0
1778,10
1779,0
1780,10
1781,8
1782,10
1783,17
1784,10
1785,6
1786,5
1787,10
1788,17
1789,8
1790,17
1791,5
1792,8
1793,6
1794,15
1795,3
1796,0
1797,10
1798,14
1799,10
1800,0
1801,6
1802,0
1803,3
1804,10
1805,0
1806,14
1807,17
1808,14
1809,6
1810,6
1811,6
1812,17
1813,17
1814,0
1815,0
1816,3
1817,15
1818,17
1819,3
1820,10
1821,0
1822,5
1823,10
1824,17
1825,8
1826,10
1827,14
1828,10
1829,10
1830,10
1831,0
1832,16
1833,10
1834,3
1835,6
1836,7
1837,16
1838,0
1839,10
1840,7
1841,17
1842,8
1843,17
1844,5
1845,0
1846,0
1847,0
1848,10
1849,17
1850,15
1851,10
1852,10
1853,17
1854,10
1855,7
1856,17
1857,0
1858,10
1859,5
1860,10
1861,0
1862,0
1863,0
1864,0
1865,6
1866,0
1867,14
1868,17
1869,5
1870,16
1871,7
1872,5
1873,5
1874,11
1875,10
1876,15
1877,0
1878,10
1879,10
1880,5
1881,11
1882,10
1883,0
1884,8
1885,3
1886,14
1887,17
1888,5
1889,6
1890,17
1891,0
1892,8
1893,17
1894,8
1895,12
1896,10
1897,3
1898,17
1899,11
1900,17
1901,16
1902,10
1903,3
1904,6
1905,10
1906,10
1907,3
1908,17
1909,17
1910,11
1911,0
1912,3
1913,0
1914,0
1915,10
1916,3
1917,6
1918,3
1919,8
1920,0
1921,6
1922,5
1923,3
1924,0
1925,14
1926,6
1927,5
1928,13
1929,7
1930,3
1931,10
1932,6
1933,15
1934,15
1935,8
1936,17
1937,15
1938,3
1939,3
1940,10
1941,6
1942,10
1943,6
1944,12
1945,6
1946,0
1947,10
1948,10
1949,10
1950,8
1951,3
1952,17
1953,17
1954,8
1955,3
1956,10
1957,11
1958,15
1959,10
1960,8
1961,17
1962,4
1963,13
1964,16
1965,6
1966,0
1967,0
1968,0
1969,0
1970,0
1971,0
1972,10
1973,10
1974,17
1975,6
1976,0
1977,17
1978,17
1979,17
1980,6
1981,15
1982,14
1983,17
1984,16
1985,3
1986,10
1987,11
1988,14
1989,5
1990,17
1991,10
1992,17
1993,6
1994,16
1995,14
1996,10
1997,14
1998,0
1999,14
2000,10
2001,16
2002,14
2003,5
2004,17
2005,17
2006,17
2007,8
2008,14
2009,0
2010,0
2011,0
2012,10
2013,17
2014,0
2015,15
2016,10
2017,8
2018,16
2019,10
2020,8
2021,10
2022,17
2023,5
2024,0
2025,3
2026,14
2027,17
2028,14
2029,0
2030,15
2031,0
2032,17
2033,17
2034,14
2035,9
2036,8
2037,15
2038,17
2039,13
2040,5
2041,2
2042,0
2043,17
2044,0
2045,5
2046,5
2047,0
2048,17
2049,3
2050,6
2051,13
2052,3
2053,3
2054,11
2055,0
2056,8
2057,11
2058,7
2059,3
2060,6
2061,8
2062,3
2063,14
2064,10
2065,17
2066,11
2067,6
2068,3
2069,10
2070,0
2071,15
2072,14
2073,0
2074,12
2075,6
2076,10
2077,16
2078,14
2079,17
2080,10
2081,10
2082,10
2083,0
2084,16
2085,15
2086,10
2087,6
2088,17
2089,0
2090,0
2091,3
2092,17
2093,17
2094,0
2095,17
2096,10
2097,14
2098,17
2099,6
2100,0
2101,11
2102,15
2103,10
2104,17
2105,5
2106,17
2107,17
2108,17
2109,16
2110,14
2111,14
2112,1
2113,10
2114,8
2115,6
2116,17
2117,10
2118,16
2119,5
2120,8
2121,16
2122,10
2123,1
2124,10
2125,6
2126,3
2127,10
2128,3
2129,17
2130,15
2131,0
2132,17
2133,0
2134,11
2135,17
2136,11
2137,0
2138,14
2139,10
2140,17
2141,0
2142,5
2143,17
2144,17
2145,5
2146,1
2147,6
2148,17
2149,10
2150,17
2151,0
2152,17
2153,10
2154,15
2155,17
2156,5
2157,17
2158,8
2159,10
2160,11
2161,17
2162,10
2163,17
2164,10
2165,10
2166,11
2167,3
2168,17
2169,4
2170,10
2171,17
2172,3
2173,0
2174,17
2175,2
2176,16
2177,10
2178,0
2179,10
2180,6
2181,17
2182,13
2183,10
2184,10
2185,6
2186,0
2187,10
2188,6
2189,1
2190,8
2191,8
2192,10
2193,8
2194,6
2195,8
2196,17
2197,14
2198,17
2199,15
2200,17
2201,0
2202,17
2203,14
2204,14
2205,10
2206,17
2207,0
2208,10
2209,17
2210,16
2211,13
2212,11
2213,0
2214,10
2215,6
2216,14
2217,5
2218,5
2219,0
2220,6
2221,0
2222,6
2223,17
2224,17
2225,0
2226,6
2227,17
2228,17
2229,10
2230,5
2231,0
2232,3
2233,6
2234,5
2235,8
2236,17
2237,6
2238,0
2239,0
2240,14
2241,10
2242,0
2243,8
2244,3
2245,3
2246,5
2247,17
2248,8
2249,14
2250,14
2251,12
2252,6
2253,14
2254,0
2255,10
2256,6
2257,0
2258,16
2259,6
2260,10
2261,17
2262,0
2263,14
2264,0
2265,15
2266,15
2267,15
2268,17
2269,0
2270,10
2271,17
2272,6
2273,0
2274,3
2275,17
2276,17
2277,5
2278,8
2279,3
2280,0
2281,10
2282,17
2283,3
2284,0
2285,17
2286,14
2287,6
2288,17
2289,5
2290,0
2291,3
2292,9
2293,17
2294,13
2295,10
2296,3
2297,17
2298,3
2299,8
2300,10
2301,5
2302,10
2303,10
2304,8
2305,6
2306,0
2307,10
2308,15
2309,10
2310,17
2311,14
2312,0
2313,6
2314,17
2315,10
2316,0
2317,14
2318,6
2319,8
2320,0
2321,6
2322,14
2323,6
2324,17
2325,14
2326,0
2327,17
2328,13
2329,14
2330,15
2331,10
2332,6
2333,17
2334,10
2335,17
2336,0
2337,17
2338,0
2339,17
2340,10
2341,6
2342,6
2343,5
2344,0
2345,3
2346,8
2347,8
2348,17
2349,6
2350,14
2351,10
2352,17
2353,5
2354,10
2355,5
2356,10
2357,10
2358,16
2359,10
2360,12
2361,0
2362,17
2363,6
2364,17
2365,0
2366,6
2367,0
2368,10
2369,3
2370,10
2371,10
2372,14
2373,0
2374,0
2375,3
2376,16
2377,10
2378,14
2379,17
2380,3
2381,17
2382,17
2383,0
2384,17
2385,8
2386,16
2387,3
2388,15
2389,7
2390,0
2391,17
2392,5
2393,3
2394,17
2395,17
2396,10
2397,17
2398,14
2399,10
2400,17
2401,10
2402,10
2403,0
2404,10
2405,17
2406,8
2407,9
2408,6
2409,8
2410,10
2411,10
2412,0
2413,17
2414,8
2415,3
2416,0
2417,0
2418,0
2419,14
2420,10
2421,0
2422,10
2423,16
2424,8
2425,17
2426,17
2427,6
2428,17
2429,0
2430,5
2431,14
2432,10
2433,2
2434,0
2435,0
2436,17
2437,0
2438,10
2439,17
2440,10
2441,6
2442,8
2443,17
2444,10
2445,0
2446,17
2447,17
2448,0
2449,10
2450,3
2451,10
2452,0
2453,7
2454,15
2455,10
2456,6
2457,17
2458,5
2459,9
2460,16
2461,6
2462,17
2463,17
2464,17
2465,9
2466,0
2467,17
2468,17
2469,0
2470,1
2471,17
2472,5
2473,17
2474,6
2475,17
2476,0
2477,16
2478,14
2479,17
2480,0
2481,15
2482,17
2483,11
2484,6
2485,0
2486,0
2487,10
2488,0
2489,6
2490,0
2491,16
2492,15
2493,0
2494,0
2495,10
2496,0
2497,16
2498,17
2499,15
2500,7
2501,9
2502,3
2503,0
2504,9
2505,10
2506,8
2507,6
2508,14
2509,14
2510,14
2511,5
2512,14
2513,6
2514,16
2515,17
2516,10
2517,14
2518,10
2519,10
2520,10
2521,17
2522,0
2523,17
2524,10
2525,10
2526,17
2527,14
2528,10
2529,14
2530,10
2531,0
2532,17
2533,10
2534,10
2535,17
2536,14
2537,0
2538,15
2539,17
2540,6
2541,17
2542,6
2543,0
2544,10
2545,8
2546,7
2547,17
2548,14
2549,8
2550,8
2551,10
2552,10
2553,3
2554,17
2555,10
2556,0
2557,17
2558,4
2559,8
2560,6
2561,15
2562,17
2563,17
2564,10
2565,0
2566,10
2567,11
2568,16
2569,17
2570,14
2571,0
2572,5
2573,12
2574,17
2575,15
2576,8
2577,15
2578,16
2579,17
2580,10
2581,3
2582,14
2583,17
2584,10
2585,17
2586,11
2587,10
2588,10
2589,17
2590,8
2591,6
2592,17
2593,5
2594,0
2595,16
2596,6
2597,0
2598,5
2599,1
2600,10
2601,10
2602,3
2603,0
2604,15
2605,5
2606,8
2607,0
2608,14
2609,17
2610,5
2611,17
2612,6
2613,3
2614,15
2615,6
2616,14
2617,7
2618,17
2619,17
2620,17
2621,3
2622,6
2623,14
2624,17
2625,10
2626,10
2627,10
2628,15
2629,17
2630,10
2631,17
2632,17
2633,11
2634,17
2635,14
2636,10
2637,10
2638,0
2639,17
2640,17
2641,17
2642,15
2643,3
2644,0
2645,7
2646,3
2647,0
2648,0
2649,3
2650,16
2651,15
2652,11
2653,14
2654,6
2655,8
2656,6
2657,0
2658,6
2659,5
2660,3
2661,4
2662,8
2663,11
2664,6
2665,5
2666,6
2667,1
2668,15
2669,10
2670,0
2671,16
2672,14
2673,0
2674,2
2675,7
2676,10
2677,6
2678,3
2679,17
2680,17
2681,17
2682,3
2683,3
2684,17
2685,0
2686,10
2687,17
2688,17
2689,14
2690,14
2691,3
2692,10
2693,10
2694,14
2695,3
2696,15
2697,6
2698,10
2699,17
2700,10
2701,10
2702,17
2703,3
2704,17
2705,17
2706,17
2707,6
2708,6
2709,3
2710,17
2711,2
2712,6
2713,17
2714,0
2715,14
2716,3
2717,17
2718,10
2719,10
2720,6
2721,8
2722,7
2723,0
2724,0
2725,0
2726,6
2727,10
2728,10
2729,17
2730,2
2731,16
2732,15
2733,10
2734,0
2735,7
2736,14
2737,10
2738,8
2739,10
2740,2
2741,2
2742,6
2743,14
2744,17
2745,10
2746,0
2747,3
2748,14
2749,16
2750,0
2751,10
2752,10
2753,3
2754,14
2755,17
2756,17
2757,10
2758,11
2759,14
2760,0
2761,14
2762,0
2763,0
2764,17
2765,3
2766,6
2767,0
2768,5
2769,10
2770,5
2771,5
2772,10
2773,17
2774,17
2775,17
2776,17
2777,3
2778,3
2779,7
2780,10
2781,10
2782,10
2783,5
2784,6
2785,3
2786,17
2787,14
2788,17
2789,15
2790,15
2791,0
2792,17
2793,16
2794,5
2795,8
2796,6
2797,10
2798,0
2799,17
2800,3
2801,6
2802,6
2803,1
2804,10
2805,0
2806,5
2807,14
2808,17
2809,7
2810,17
2811,10
2812,6
2813,10
2814,6
2815,8
2816,1
2817,10
2818,14
2819,17
2820,6
2821,16
2822,9
2823,17
2824,17
2825,0
2826,15
2827,3
2828,6
2829,17
2830,17
2831,8
2832,8
2833,3
2834,10
2835,15
2836,8
2837,0
2838,2
2839,12
2840,17
2841,6
2842,10
2843,10
2844,17
2845,8
2846,0
2847,0
2848,0
2849,0
2850,2
2851,3
2852,10
2853,5
2854,0
2855,10
2856,8
2857,8
2858,0
2859,17
2860,11
2861,16
2862,6
2863,8
2864,10
2865,0
2866,17
2867,17
2868,10
2869,17
2870,0
2871,0
2872,17
2873,14
2874,17
2875,0
2876,0
2877,8
2878,0
2879,10
2880,3
2881,3
2882,5
2883,10
2884,15
2885,15
2886,16
2887,14
2888,5
2889,10
2890,0
2891,10
2892,14
2893,6
2894,6
2895,6
2896,8
2897,17
2898,14
2899,7
2900,17
2901,14
2902,17
2903,8
2904,16
2905,14
2906,8
2907,10
2908,17
2909,6
2910,17
2911,10
2912,6
2913,6
2914,17
2915,8
2916,12
2917,10
2918,10
2919,14
2920,17
2921,7
2922,17
2923,6
2924,10
2925,17
2926,17
2927,10
2928,0
2929,0
2930,3
2931,10
2932,8
2933,15
2934,15
2935,14
2936,8
2937,10
2938,8
2939,3
2940,6
2941,6
2942,0
2943,5
2944,11
2945,10
2946,0
2947,5
2948,17
2949,0
2950,10
2951,17
2952,10
2953,15
2954,17
2955,6
2956,14
2957,14
2958,0
2959,8
2960,10
2961,10
2962,10
2963,0
2964,9
2965,5
2966,17
2967,17
2968,5
2969,17
2970,10
2971,3
2972,8
2973,10
2974,10
2975,3
2976,15
2977,0
2978,17
2979,10
2980,0
2981,14
2982,15
2983,3
2984,14
2985,8
2986,17
2987,10
2988,16
2989,13
2990,14
2991,8
2992,14
2993,6
2994,17
2995,17
2996,10
2997,17
2998,11
2999,5
3000,8
3001,10
3002,10
3003,14
3004,17
3005,11
3006,8
3007,9
3008,17
3009,6
3010,0
3011,5
3012,16
3013,14
3014,0
3015,14
3016,10
3017,0
3018,3
3019,17
3020,17
3021,17
3022,0
3023,10
3024,10
3025,4
3026,13
3027,14
3028,17
3029,17
3030,6
3031,8
3032,0
3033,6
3034,10
3035,16
3036,8
3037,17
3038,14
3039,17
3040,8
3041,6
3042,14
3043,0
3044,6
3045,11
3046,14
3047,0
3048,5
3049,17
3050,6
3051,11
3052,17
3053,15
3054,10
3055,17
3056,15
3057,14
3058,17
3059,17
3060,17
3061,15
3062,17
3063,0
3064,16
3065,17
3066,17
3067,13
3068,17
3069,15
3070,0
3071,17
3072,2
3073,17
3074,6
3075,8
3076,10
3077,3
3078,14
3079,3
3080,10
3081,0
3082,3
3083,8
3084,5
3085,0
3086,17
3087,12
3088,10
3089,8
3090,0
3091,10
3092,3
3093,8
3094,6
3095,17
3096,5
3097,6
3098,4
3099,0
3100,3
3101,7
3102,14
3103,10
3104,0
3105,6
3106,10
3107,6
3108,0
3109,3
3110,10
3111,17
3112,10
3113,5
3114,16
3115,10
3116,17
3117,3
3118,15
3119,17
3120,11
3121,14
3122,17
3123,17
3124,5
3125,0
3126,8
3127,13
3128,8
3129,8
3130,6
3131,14
3132,10
3133,0
3134,8
3135,17
3136,8
3137,10
3138,8
3139,10
3140,8
3141,17
3142,10
3143,5
3144,17
3145,0
3146,5
3147,14
3148,10
3149,17
3150,10
3151,6
3152,5
3153,6
3154,0
3155,8
3156,0
3157,14
3158,8
3159,6
3160,10
3161,0
3162,14
3163,17
3164,8
3165,0
3166,10
3167,17
3168,17
3169,17
3170,14
3171,0
3172,0
3173,16
3174,10
3175,16
3176,17
3177,6
3178,17
3179,9
3180,17
3181,3
3182,3
3183,0
3184,17
3185,0
3186,8
3187,6
3188,17
3189,17
3190,6
3191,11
3192,14
3193,7
3194,14
3195,6
3196,2
3197,17
3198,0
3199,17
3200,17
3201,0
3202,6
3203,17
3204,8
3205,0
3206,0
3207,8
3208,0
3209,15
3210,8
3211,0
3212,6
3213,15
3214,10
3215,10
3216,17
3217,14
3218,0
3219,0
3220,17
3221,10
3222,17
3223,10
3224,14
3225,17
3226,10
3227,17
3228,14
3229,8
3230,11
3231,8
3232,7
3233,10
3234,8
3235,17
3236,16
3237,3
3238,10
3239,6
3240,0
3241,17
3242,0
3243,17
3244,0
3245,17
3246,10
3247,8
3248,3
3249,7
3250,5
3251,0
3252,6
3253,0
3254,0
3255,14
3256,0
3257,14
3258,10
3259,10
3260,16
3261,5
3262,0
3263,17
3264,0
3265,17
3266,8
3267,6
3268,10
3269,14
3270,10
3271,17
3272,6
3273,17
3274,14
3275,14
3276,3
3277,17
3278,14
3279,10
3280,17
3281,6
3282,11
3283,0
3284,17
3285,17
3286,0
3287,4
3288,17
3289,0
3290,17
3291,1
3292,17
3293,10
3294,0
3295,17
3296,8
3297,6
3298,5
3299,17
3300,10
3301,10
3302,10
3303,10
3304,5
3305,9
3306,7
3307,0
3308,15
3309,16
3310,10
3311,3
3312,8
3313,16
3314,14
3315,7
3316,15
3317,0
3318,10
3319,17
3320,10
3321,14
3322,3
3323,2
3324,10
3325,3
3326,3
3327,0
3328,3
3329,17
3330,0
3331,17
3332,17
3333,0
3334,0
3335,6
3336,15
3337,0
3338,0
3339,10
3340,6
3341,14
3342,17
3343,10
3344,3
3345,13
3346,1
3347,11
3348,17
3349,10
3350,10
3351,10
3352,14
3353,6
3354,11
3355,6
3356,10
3357,17
3358,13
3359,10
3360,14
3361,14
3362,11
3363,17
3364,1
3365,17
3366,6
3367,0
3368,8
3369,17
3370,6
3371,8
3372,0
3373,3
3374,3
3375,16
3376,17
3377,15
3378,10
3379,16
3380,17
3381,17
3382,3
3383,14
3384,10
3385,8
3386,12
3387,0
3388,6
3389,10
3390,15
3391,14
3392,0
3393,17
3394,14
3395,0
3396,17
3397,0
3398,17
3399,15
3400,14
3401,5
3402,0
3403,3
3404,8
3405,0
3406,5
3407,17
3408,0
3409,0
3410,10
3411,17
3412,13
3413,10
3414,10
3415,14
3416,0
3417,14
3418,17
3419,17
3420,14
3421,10
3422,10
3423,10
3424,8
3425,17
3426,17
3427,10
3428,17
3429,17
3430,8
3431,14
3432,5
3433,3
3434,3
3435,10
3436,17
3437,8
3438,17
3439,16
3440,8
3441,10
3442,17
3443,17
3444,7
3445,17
3446,5
3447,14
3448,15
3449,6
3450,17
3451,6
3452,10
3453,17
3454,10
3455,10
3456,5
3457,17
3458,6
3459,10
3460,8
3461,0
3462,14
3463,14
3464,0
3465,0
3466,3
3467,14
3468,14
3469,11
3470,10
3471,0
3472,6
3473,10
3474,5
3475,9
3476,3
3477,0
3478,6
3479,3
3480,0
3481,8
3482,14
3483,6
3484,17
3485,10
3486,5
3487,10
3488,5
3489,17
3490,15
3491,6
3492,10
3493,6
3494,0
3495,6
3496,5
3497,10
3498,0
3499,0
3500,11
3501,17
3502,15
3503,14
3504,0
3505,17
3506,17
3507,8
3508,15
3509,6
3510,0
3511,6
3512,11
3513,17
3514,6
3515,6
3516,1
3517,17
3518,0
3519,17
3520,6
3521,11
3522,10
3523,17
3524,17
3525,0
3526,10
3527,6
3528,17
3529,0
3530,17
3531,3
3532,3
3533,17
3534,1
3535,10
3536,5
3537,0
3538,17
3539,10
3540,6
3541,17
3542,3
3543,3
3544,0
3545,10
3546,6
3547,0
3548,3
3549,3
3550,10
3551,17
3552,6
3553,10
3554,10
3555,14
3556,6
3557,15
3558,10
3559,15
3560,0
3561,10
3562,15
3563,17
3564,11
3565,10
3566,0
3567,10
3568,0
3569,3
3570,3
3571,10
3572,17
3573,17
3574,16
3575,3
3576,17
3577,6
3578,17
3579,14
3580,0
3581,17
3582,3
3583,9
3584,2
3585,16
3586,0
3587,6
3588,10
3589,17
3590,10
3591,15
3592,0
3593,16
3594,0
3595,10
3596,17
3597,0
3598,2
3599,11
3600,17
3601,10
3602,8
3603,14
3604,2
3605,6
3606,8
3607,6
3608,14
3609,6
3610,17
3611,0
3612,6
3613,0
3614,0
3615,3
3616,10
3617,6
3618,17
3619,5
3620,10
3621,0
3622,6
3623,1
3624,17
3625,17
3626,14
3627,5
3628,6
3629,11
3630,17
3631,17
3632,8
3633,6
3634,8
3635,17
3636,10
3637,5
3638,17
3639,17
3640,8
3641,17
3642,17
3643,10
3644,0
3645,14
3646,17
3647,10
3648,0
3649,17
3650,17
3651,16
3652,16
3653,14
3654,1
3655,8
3656,14
3657,0
3658,17
3659,0
3660,0
3661,10
3662,9
3663,10
3664,15
3665,17
3666,17
3667,17
3668,14
3669,0
3670,17
3671,10
3672,10
3673,10
3674,11
3675,10
3676,6
3677,16
3678,10
3679,6
3680,10
3681,0
3682,10
3683,8
3684,9
3685,6
3686,17
3687,17
3688,10
3689,10
3690,10
3691,5
3692,3
3693,17
3694,15
3695,6
3696,17
3697,8
3698,17
3699,10
3700,17
3701,0
3702,0
3703,12
3704,0
3705,14
3706,14
3707,2
3708,0
3709,0
3710,10
3711,8
3712,10
3713,3
3714,10
3715,6
3716,14
3717,16
3718,17
3719,10
3720,17
3721,5
3722,10
3723,10
3724,9
3725,14
3726,10
3727,17
3728,17
3729,15
3730,9
3731,3
3732,0
3733,6
3734,9
3735,10
3736,14
3737,17
3738,11
3739,17
3740,10
3741,10
3742,8
3743,0
3744,14
3745,10
3746,10
3747,14
3748,16
3749,3
3750,17
3751,17
3752,6
3753,0
3754,2
3755,17
3756,0
3757,8
3758,17
3759,3
3760,6
3761,10
3762,17
3763,15
3764,17
3765,3
3766,15
3767,14
3768,14
3769,14
3770,10
3771,17
3772,7
3773,6
3774,10
3775,16
3776,6
3777,6
3778,16
3779,6
3780,10
3781,5
3782,1
3783,0
3784,10
3785,14
3786,8
3787,10
3788,0
3789,16
3790,17
3791,5
3792,10
3793,3
3794,10
3795,10
3796,17
3797,17
3798,7
3799,16
3800,17
3801,17
3802,3
3803,17
3804,10
3805,10
3806,10
3807,17
3808,0
3809,8
3810,13
3811,10
3812,0
3813,10
3814,0
3815,10
3816,5
3817,10
3818,17
3819,16
3820,17
3821,14
3822,8
3823,10
3824,14
3825,17
3826,14
3827,17
3828,8
3829,17
3830,17
3831,11
3832,17
3833,8
3834,3
3835,10
3836,14
3837,5
3838,8
3839,17
3840,17
3841,10
3842,10
3843,3
3844,3
3845,8
3846,17
3847,8
3848,0
3849,10
3850,10
3851,3
3852,10
3853,14
3854,17
3855,8
3856,8
3857,11
3858,10
3859,10
3860,17
3861,3
3862,6
3863,10
3864,15
3865,11
3866,1
3867,17
3868,0
3869,6
3870,6
3871,0
3872,0
3873,17
3874,9
3875,5
3876,17
3877,9
3878,0
3879,17
3880,6
3881,10
3882,0
3883,17
3884,14
3885,15
3886,14
3887,17
3888,17
3889,14
3890,14
3891,3
3892,6
3893,13
3894,17
3895,17
3896,0
3897,2
3898,10
3899,0
3900,17
3901,10
3902,10
3903,17
3904,6
3905,10
3906,3
3907,10
3908,14
3909,5
3910,17
3911,10
3912,6
3913,5
3914,0
3915,10
3916,14
3917,3
3918,17
3919,0
3920,11
3921,17
3922,14
3923,0
3924,17
3925,13
3926,11
3927,11
3928,5
3929,12
3930,17
3931,17
3932,10
3933,0
3934,8
3935,14
3936,3
3937,14
3938,14
3939,16
3940,14
3941,3
3942,0
3943,6
3944,7
3945,14
3946,14
3947,3
3948,0
3949,9
3950,15
3951,5
3952,14
3953,10
3954,15
3955,17
3956,5
3957,17
3958,16
3959,6
3960,17
3961,0
3962,10
3963,13
3964,15
3965,16
3966,17
3967,10
3968,0
3969,3
3970,10
3971,15
3972,6
3973,5
3974,6
3975,0
3976,12
3977,14
3978,10
3979,16
3980,10
3981,6
3982,17
3983,16
3984,14
3985,17
3986,6
3987,17
3988,2
3989,0
3990,14
3991,17
3992,8
3993,17
3994,3
3995,10
3996,0
3997,14
3998,8
3999,17
4000,14
4001,7
4002,3
4003,0
4004,17
4005,14
4006,14
4007,17
4008,10
4009,5
4010,3
4011,17
4012,10
4013,0
4014,10
4015,3
4016,0
4017,0
4018,0
4019,13
4020,8
4021,0
4022,10
4023,10
4024,17
4025,2
4026,16
4027,0
4028,3
4029,6
4030,0
4031,7
4032,10
4033,17
4034,14
4035,14
4036,17
4037,10
4038,14
4039,0
4040,10
4041,17
4042,17
4043,6
4044,0
4045,0
4046,10
4047,17
4048,17
4049,17
4050,10
4051,17
4052,14
4053,6
4054,8
4055,0
4056,0
4057,17
4058,0
4059,17
4060,3
4061,6
4062,0
4063,14
4064,0
4065,11
4066,10
4067,10
4068,6
4069,0
4070,3
4071,10
4072,14
4073,0
4074,17
4075,17
4076,17
4077,17
4078,10
4079,0
4080,17
4081,17
4082,9
4083,0
4084,7
4085,17
4086,0
4087,8
4088,8
4089,17
4090,13
4091,10
4092,0
4093,17
4094,0
4095,17
4096,17
4097,10
4098,14
4099,17
4100,17
4101,17
4102,6
4103,0
4104,2
4105,3
4106,17
4107,17
4108,0
4109,10
4110,7
4111,5
4112,14
4113,0
4114,0
4115,0
4116,10
4117,6
4118,0
4119,14
4120,0
4121,17
4122,14
4123,17
4124,10
4125,17
4126,8
4127,10
4128,17
4129,17
4130,17
4131,10
4132,0
4133,10
4134,15
4135,6
4136,17
4137,17
4138,16
4139,5
4140,17
4141,10
4142,5
4143,17
4144,0
4145,16
4146,8
4147,10
4148,17
4149,3
4150,17
4151,14
4152,17
4153,3
4154,3
4155,12
4156,10
4157,17
4158,17
4159,3
4160,3
4161,17
4162,10
4163,17
4164,2
4165,17
4166,5
4167,1
4168,3
4169,0
4170,12
4171,0
4172,0
4173,3
4174,10
4175,11
4176,5
4177,3
4178,3
4179,0
4180,15
4181,17
4182,10
4183,6
4184,10
4185,11
4186,0
4187,8
4188,14
4189,5
4190,10
4191,0
4192,0
4193,8
4194,5
4195,15
4196,8
4197,15
4198,0
4199,7
4200,6
4201,10
4202,0
4203,14
4204,6
4205,3
4206,17
4207,10
4208,8
4209,13
4210,10
4211,17
4212,17
4213,10
4214,5
4215,17
4216,17
4217,17
4218,15
4219,0
4220,3
4221,17
4222,17
4223,10
4224,10
4225,17
4226,9
4227,17
4228,10
4229,3
4230,15
4231,0
4232,14
4233,0
4234,17
4235,5
4236,5
4237,14
4238,6
4239,10
4240,0
4241,17
4242,0
4243,8
4244,0
4245,14
4246,5
4247,14
4248,10
4249,3
4250,3
4251,7
4252,12
4253,10
4254,17
4255,3
4256,5
4257,17
4258,16
4259,10
4260,3
4261,17
4262,17
4263,10
4264,3
4265,10
4266,17
4267,0
4268,5
4269,8
4270,17
4271,0
4272,10
4273,17
4274,10
4275,17
4276,17
4277,0
4278,11
4279,17
4280,10
4281,0
4282,10
4283,5
4284,10
4285,10
4286,17
4287,5
4288,15
4289,17
4290,0
4291,10
4292,10
4293,15
4294,17
4295,17
4296,6
4297,3
4298,17
4299,14
4300,17
4301,16
4302,17
4303,0
4304,5
4305,7
4306,0
4307,17
4308,10
4309,14
4310,14
4311,6
4312,0
4313,10
4314,16
4315,15
4316,17
4317,0
4318,13
4319,17
4320,17
4321,5
4322,10
4323,16
4324,5
4325,0
4326,5
4327,10
4328,10
4329,10
4330,8
4331,5
4332,16
4333,5
4334,17
4335,0
4336,3
4337,14
4338,5
4339,12
4340,14
4341,8
4342,8
4343,14
4344,17
4345,17
4346,17
4347,17
4348,3
4349,10
4350,14
4351,0
4352,0
4353,0
4354,2
4355,10
4356,8
4357,7
4358,2
4359,8
4360,0
4361,14
4362,17
4363,17
4364,16
4365,0
4366,14
4367,10
4368,3
4369,3
4370,13
4371,10
4372,10
4373,0
4374,5
4375,17
4376,10
4377,0
4378,14
4379,3
4380,3
4381,11
4382,6
4383,3
4384,3
4385,17
4386,14
4387,17
4388,6
4389,15
4390,14
4391,15
4392,5
4393,14
4394,10
4395,0
4396,15
4397,3
4398,17
4399,10
4400,6
4401,16
4402,0
4403,14
4404,0
4405,9
4406,0
4407,0
4408,10
4409,0
4410,12
4411,5
4412,0
4413,0
4414,10
4415,16
4416,0
4417,14
4418,0
4419,17
4420,0
4421,3
4422,17
4423,10
4424,17
4425,17
4426,17
4427,12
4428,3
4429,6
4430,10
4431,11
4432,10
4433,17
4434,15
4435,15
4436,17
4437,3
4438,8
4439,15
4440,14
4441,10
4442,0
4443,10
4444,0
4445,17
4446,3
4447,13
4448,6
4449,14
4450,17
4451,8
4452,17
4453,6
4454,0
4455,7
4456,14
4457,3
4458,8
4459,0
4460,10
4461,0
4462,14
4463,3
4464,14
4465,10
4466,17
4467,0
4468,0
4469,0
4470,16
4471,17
4472,10
4473,6
4474,5
4475,17
4476,1
4477,10
4478,8
4479,0
4480,10
4481,3
4482,3
4483,0
4484,17
4485,10
4486,10
4487,0
4488,12
4489,10
4490,17
4491,10
4492,10
4493,17
4494,0
4495,2
4496,14
4497,10
4498,17
4499,6
4500,0
4501,6
4502,17
4503,10
4504,17
4505,3
4506,6
4507,0
4508,17
4509,10
4510,6
4511,8
4512,3
4513,12
4514,10
4515,17
4516,17
4517,10
4518,3
4519,14
4520,0
4521,10
4522,16
4523,14
4524,3
4525,14
4526,10
4527,6
4528,0
4529,17
4530,8
4531,6
4532,6
4533,17
4534,10
4535,17
4536,17
4537,15
4538,0
4539,15
4540,0
4541,0
4542,6
4543,5
4544,11
4545,14
4546,3
4547,10
4548,10
4549,14
4550,14
4551,6
4552,10
4553,8
4554,14
4555,17
4556,0
4557,0
4558,3
4559,3
4560,17
4561,14
4562,17
4563,0
4564,3
4565,14
4566,8
4567,6
4568,8
4569,6
4570,10
4571,10
4572,10
4573,0
4574,0
4575,14
4576,0
4577,8
4578,0
4579,10
4580,10
4581,3
4582,0
4583,8
4584,0
4585,17
4586,10
4587,6
4588,10
4589,10
4590,6
4591,10
4592,5
4593,6
4594,10
4595,10
4596,15
4597,10
4598,0
4599,10
4600,17
4601,10
4602,16
4603,5
4604,17
4605,14
4606,15
4607,6
4608,14
4609,10
4610,6
4611,6
4612,11
4613,17
4614,14
4615,6
4616,10
4617,10
4618,0
4619,5
4620,0
4621,5
4622,14
4623,5
4624,10
4625,9
4626,2
4627,3
4628,2
4629,0
4630,10
4631,10
4632,6
4633,3
4634,16
4635,10
4636,8
4637,17
4638,0
4639,15
4640,15
4641,17
4642,10
4643,10
4644,10
4645,13
4646,11
4647,3
4648,0
4649,10
4650,17
4651,17
4652,16
4653,8
4654,10
4655,17
4656,17
4657,8
4658,10
4659,16
4660,0
4661,17
4662,10
4663,6
4664,14
4665,0
4666,15
4667,2
4668,10
4669,0
4670,9
4671,5
4672,17
4673,17
4674,6
4675,16
4676,8
4677,6
4678,17
4679,6
4680,10
4681,0
4682,6
4683,8
4684,17
4685,17
4686,0
4687,10
4688,12
4689,17
4690,0
4691,10
4692,17
4693,17
4694,0
4695,10
4696,3
4697,10
4698,10
4699,3
4700,10
4701,8
4702,6
4703,17
4704,8
4705,3
4706,10
4707,17
4708,6
4709,17
4710,9
4711,8
4712,0
4713,6
4714,9
4715,0
4716,15
4717,11
4718,6
4719,12
4720,8
4721,0
4722,17
4723,11
4724,17
4725,17
4726,17
4727,10
4728,15
4729,16
4730,16
4731,17
4732,0
4733,3
4734,5
4735,17
4736,10
4737,3
4738,14
4739,6
4740,17
4741,17
4742,17
4743,10
4744,3
4745,17
4746,5
4747,14
4748,0
4749,15
4750,10
4751,17
4752,17
4753,17
4754,0
4755,8
4756,7
4757,0
4758,14
4759,0
4760,0
4761,0
4762,17
4763,14
4764,8
4765,17
4766,3
4767,17
4768,10
4769,6
4770,15
4771,17
4772,0
4773,16
4774,14
4775,17
4776,6
4777,0
4778,10
4779,5
4780,10
4781,17
4782,17
4783,6
4784,15
4785,6
4786,10
4787,6
4788,6
4789,6
4790,9
4791,10
4792,0
4793,10
4794,10
4795,6
4796,5
4797,0
4798,10
4799,17
4800,10
4801,17
4802,10
4803,10
4804,14
4805,3
4806,10
4807,3
4808,6
4809,0
4810,10
4811,17
4812,0
4813,0
4814,10
4815,6
4816,16
4817,10
4818,17
4819,10
4820,0
4821,17
4822,0
4823,5
4824,17
4825,10
4826,10
4827,8
4828,17
4829,13
4830,17
4831,12
4832,17
4833,8
4834,10
4835,10
4836,17
4837,0
4838,16
4839,17
4840,10
4841,0
4842,8
4843,0
4844,14
4845,8
4846,10
4847,16
4848,3
4849,6
4850,15
4851,0
4852,6
4853,15
4854,0
4855,3
4856,0
4857,16
4858,16
4859,10
4860,15
4861,10
4862,6
4863,5
4864,17
4865,8
4866,14
4867,17
4868,17
4869,15
4870,17
4871,5
4872,3
4873,17
4874,17
4875,15
4876,17
4877,3
4878,9
4879,3
4880,17
4881,14
4882,10
4883,0
4884,6
4885,17
4886,3
4887,8
4888,2
4889,17
4890,5
4891,0
4892,17
4893,15
4894,0
4895,17
4896,16
4897,8
4898,8
4899,15
4900,0
4901,0
4902,5
4903,10
4904,15
4905,16
4906,5
4907,10
4908,0
4909,10
4910,0
4911,12
4912,17
4913,0
4914,16
4915,14
4916,3
4917,0
4918,0
4919,0
4920,17
4921,17
4922,16
4923,17
4924,11
4925,6
4926,14
4927,10
4928,14
4929,17
4930,17
4931,15
4932,17
4933,3
4934,8
4935,0
4936,10
4937,3
4938,17
4939,17
4940,5
4941,16
4942,10
4943,6
4944,9
4945,16
4946,17
4947,10
4948,17
4949,17
4950,17
4951,10
4952,10
4953,14
4954,10
4955,14
4956,0
4957,17
4958,10
4959,1
4960,17
4961,14
4962,17
4963,16
4964,15
4965,6
4966,17
4967,0
4968,10
4969,10
4970,6
4971,6
4972,7
4973,10
4974,17
4975,6
4976,0
4977,0
4978,10
4979,0
4980,0
4981,10
4982,17
4983,5
4984,11
4985,10
4986,6
4987,14
4988,3
4989,17
4990,14
4991,17
4992,1
4993,7
4994,10
4995,5
4996,3
4997,6
4998,10
4999,6
5000,3
5001,8
5002,10
5003,14
5004,3
5005,5
5006,10
5007,17
5008,16
5009,0
5010,8
5011,6
5012,16
5013,14
5014,17
5015,14
5016,17
5017,5
5018,5
5019,0
5020,5
5021,17
5022,3
5023,15
5024,0
5025,10
5026,17
5027,7
5028,17
5029,8
5030,6
5031,5
5032,3
5033,0
5034,17
5035,3
5036,8
5037,10
5038,0
5039,17
5040,0
5041,6
5042,3
5043,17
5044,6
5045,17
5046,17
5047,15
5048,6
5049,6
5050,3
5051,3
5052,14
5053,8
5054,6
5055,4
5056,14
5057,5
5058,3
5059,10
5060,5
5061,17
5062,0
5063,0
5064,10
5065,8
5066,6
5067,6
5068,7
5069,3
5070,6
5071,0
5072,10
5073,16
5074,8
5075,5
5076,17
5077,0
5078,17
5079,0
5080,10
5081,8
5082,0
5083,3
5084,17
5085,17
5086,11
5087,8
5088,0
5089,13
5090,0
5091,6
5092,17
5093,6
5094,17
5095,10
5096,0
5097,0
5098,17
5099,6
5100,6
5101,0
5102,8
5103,3
5104,6
5105,17
5106,13
5107,6
5108,10
5109,10
5110,10
5111,0
5112,10
5113,6
5114,0
5115,2
5116,10
5117,10
5118,8
5119,14
5120,0
5121,0
5122,4
5123,5
5124,0
5125,14
5126,16
5127,17
5128,17
5129,3
5130,2
5131,3
5132,11
5133,0
5134,17
5135,10
5136,14
5137,6
5138,3
5139,17
5140,7
5141,6
5142,5
5143,8
5144,17
5145,5
5146,0
5147,0
5148,10
5149,12
5150,1
5151,0
5152,13
5153,3
5154,6
5155,10
5156,8
5157,3
5158,17
5159,6
5160,6
5161,0
5162,10
5163,10
5164,3
5165,2
5166,14
5167,17
5168,14
5169,14
5170,14
5171,14
5172,8
5173,6
5174,15
5175,17
5176,0
5177,10
5178,11
5179,3
5180,3
5181,3
5182,8
5183,10
5184,3
5185,1
5186,10
5187,0
5188,11
5189,14
5190,17
5191,3
5192,10
5193,3
5194,17
5195,10
5196,14
5197,10
5198,16
5199,5
5200,6
5201,17
5202,17
5203,5
5204,16
5205,17
5206,8
5207,10
5208,3
5209,0
5210,14
5211,17
5212,14
5213,6
5214,6
5215,8
5216,17
5217,17
5218,14
5219,3
5220,14
5221,0
5222,0
5223,12
5224,8
5225,17
5226,17
5227,17
5228,10
5229,10
5230,17
5231,10
5232,7
5233,10
5234,6
5235,8
5236,8
5237,10
5238,6
5239,5
5240,0
5241,5
5242,10
5243,8
5244,17
5245,17
5246,16
5247,8
5248,17
5249,16
5250,10
5251,3
5252,0
5253,10
5254,16
5255,17
5256,10
5257,0
5258,14
5259,17
5260,1
5261,17
5262,10
5263,1
5264,16
5265,3
5266,16
5267,10
5268,3
5269,0
5270,17
5271,0
5272,17
5273,17
5274,17
5275,17
5276,12
5277,8
5278,17
5279,0
5280,17
5281,5
5282,0
5283,5
5284,10
5285,5
5286,17
5287,16
5288,16
5289,8
5290,17
5291,6
5292,10
5293,5
5294,17
5295,17
5296,6
5297,6
5298,3
5299,9
5300,6
5301,17
5302,3
5303,3
5304,3
5305,14
5306,14
5307,14
5308,10
5309,17
5310,6
5311,16
5312,0
5313,6
5314,8
5315,17
5316,10
5317,0
5318,2
5319,14
5320,0
5321,17
5322,17
5323,17
5324,8
5325,0
5326,14
5327,0
5328,14
5329,10
5330,8
5331,6
5332,0
5333,3
5334,14
5335,6
5336,14
5337,6
5338,17
5339,17
5340,17
5341,5
5342,14
5343,6
5344,10
5345,3
5346,10
5347,11
5348,17
5349,3
5350,17
5351,10
5352,17
5353,17
5354,10
5355,15
5356,8
5357,6
5358,16
5359,10
5360,10
5361,3
5362,0
5363,0
5364,10
5365,17
5366,4
5367,0
5368,3
5369,0
5370,0
5371,17
5372,3
5373,10
5374,10
5375,6
5376,9
5377,3
5378,8
5379,17
5380,6
5381,10
5382,10
5383,10
5384,14
5385,15
5386,3
5387,0
5388,0
5389,10
5390,10
5391,10
5392,0
5393,10
5394,17
5395,11
5396,10
5397,10
5398,3
5399,0
5400,10
5401,6
5402,0
5403,0
5404,17
5405,14
5406,17
5407,17
5408,17
5409,9
5410,17
5411,17
5412,0
5413,0
5414,15
5415,7
5416,0
5417,14
5418,0
5419,6
5420,8
5421,6
5422,17
5423,16
5424,5
5425,16
5426,3
5427,0
5428,6
5429,10
5430,8
5431,0
5432,10
5433,0
5434,3
5435,17
5436,3
5437,3
5438,15
5439,8
5440,10
5441,17
5442,10
5443,10
5444,16
5445,10
5446,8
5447,6
5448,10
5449,7
5450,0
5451,17
5452,10
5453,14
5454,14
5455,10
5456,10
5457,10
5458,16
5459,17
5460,10
5461,6
5462,0
5463,7
5464,17
5465,3
5466,10
5467,6
5468,10
5469,17
5470,3
5471,5
5472,2
5473,14
5474,6
5475,14
5476,16
5477,17
5478,3
5479,0
5480,6
5481,17
5482,10
5483,3
5484,14
5485,10
5486,6
5487,17
5488,12
5489,5
5490,16
5491,11
5492,10
5493,6
5494,0
5495,1
5496,17
5497,14
5498,3
5499,17
5500,5
5501,6
5502,16
5503,6
5504,17
5505,10
5506,17
5507,17
5508,13
5509,0
5510,14
5511,17
5512,17
5513,6
5514,10
5515,17
5516,0
5517,17
5518,10
5519,0
5520,8
5521,17
5522,5
5523,0
5524,10
5525,8
5526,14
5527,17
5528,17
5529,3
5530,0
5531,6
5532,10
5533,10
5534,17
5535,17
5536,0
5537,0
5538,17
5539,17
5540,10
5541,0
5542,8
5543,17
5544,10
5545,17
5546,5
5547,16
5548,0
5549,17
5550,17
5551,6
5552,10
5553,10
5554,6
5555,17
5556,0
5557,17
5558,17
5559,0
5560,16
5561,10
5562,3
5563,14
5564,0
5565,8
5566,17
5567,5
5568,0
5569,17
5570,17
5571,16
5572,14
5573,6
5574,10
5575,15
5576,17
5577,8
5578,10
5579,14
5580,16
5581,5
5582,0
5583,10
5584,15
5585,3
5586,17
5587,5
5588,17
5589,10
5590,17
5591,17
5592,17
5593,6
5594,10
5595,17
5596,0
5597,14
5598,17
5599,17
5600,10
5601,17
5602,10
5603,10
5604,10
5605,3
5606,14
5607,6
5608,3
5609,10
5610,8
5611,3
5612,15
5613,10
5614,10
5615,10
5616,10
5617,10
5618,10
5619,17
5620,17
5621,10
5622,5
5623,3
5624,10
5625,17
5626,17
5627,10
5628,3
5629,10
5630,10
5631,17
5632,17
5633,17
5634,17
5635,14
5636,17
5637,17
5638,17
5639,14
5640,10
5641,17
5642,10
5643,10
5644,0
5645,10
5646,17
5647,2
5648,14
5649,10
5650,6
5651,0
5652,10
5653,16
5654,11
5655,17
5656,6
5657,14
5658,10
5659,10
5660,5
5661,3
5662,8
5663,17
5664,6
5665,17
5666,13
5667,10
5668,3
5669,0
5670,14
5671,17
5672,1
5673,6
5674,0
5675,11
5676,8
5677,0
5678,17
5679,0
5680,17
5681,8
5682,17
5683,15
5684,17
5685,6
5686,2
5687,17
5688,0
5689,10
5690,16
5691,3
5692,10
5693,16
5694,0
5695,14
5696,17
5697,16
5698,17
5699,10
5700,14
5701,17
5702,9
5703,0
5704,17
5705,5
5706,17
5707,17
5708,10
5709,6
5710,6
5711,10
5712,15
5713,0
5714,10
5715,5
5716,17
5717,0
5718,17
5719,3
5720,17
5721,14
5722,5
5723,10
5724,6
5725,10
5726,7
5727,16
5728,6
5729,0
5730,8
5731,15
5732,10
5733,6
5734,17
5735,17
5736,8
5737,7
5738,0
5739,5
5740,17
5741,0
5742,17
5743,17
5744,17
5745,10
5746,17
5747,0
5748,6
5749,17
5750,0
5751,17
5752,6
5753,10
5754,16
5755,13
5756,15
5757,10
5758,10
5759,0
5760,3
5761,15
5762,14
5763,17
5764,13
5765,11
5766,16
5767,14
5768,14
5769,0
5770,5
5771,3
5772,6
5773,16
5774,0
5775,0
5776,17
5777,17
5778,5
5779,17
5780,10
5781,5
5782,17
5783,10
5784,17
5785,17
5786,8
5787,3
5788,0
5789,0
5790,8
5791,5
5792,10
5793,6
5794,17
5795,15
5796,6
5797,0
5798,3
5799,14
5800,17
5801,8
5802,0
5803,6
5804,16
5805,10
5806,10
5807,3
5808,17
5809,10
5810,10
5811,14
5812,10
5813,0
5814,3
5815,8
5816,8
5817,0
5818,17
5819,5
5820,8
5821,6
5822,0
5823,17
5824,15
5825,3
5826,0
5827,0
5828,10
5829,6
5830,8
5831,0
5832,8
5833,16
5834,5
5835,17
5836,16
5837,17
5838,5
5839,17
5840,10
5841,6
5842,0
5843,8
5844,16
5845,14
5846,8
5847,17
5848,10
5849,16
5850,5
5851,13
5852,17
5853,0
5854,0
5855,17
5856,12
5857,15
5858,3
5859,17
5860,6
5861,6
5862,17
5863,17
5864,17
5865,6
5866,0
5867,10
5868,17
5869,0
5870,8
5871,10
5872,11
5873,6
5874,8
5875,11
5876,8
5877,6
5878,3
5879,15
5880,17
5881,10
5882,10
5883,17
5884,10
5885,0
5886,10
5887,3
5888,3
5889,14
5890,17
5891,9
5892,8
5893,15
5894,17
5895,10
5896,6
5897,17
5898,17
5899,10
5900,17
5901,14
5902,8
5903,6
5904,0
5905,6
5906,10
5907,17
5908,10
5909,8
5910,3
5911,6
5912,17
5913,5
5914,17
5915,0
5916,10
5917,14
5918,5
5919,17
5920,5
5921,8
5922,3
5923,9
5924,11
5925,8
5926,5
5927,5
5928,7
5929,10
5930,10
5931,17
5932,10
5933,5
5934,0
5935,17
5936,10
5937,0
5938,10
5939,8
5940,17
5941,0
5942,17
5943,17
5944,0
5945,0
5946,0
5947,16
5948,17
5949,17
5950,0
5951,10
5952,3
5953,0
5954,5
5955,10
5956,8
5957,15
5958,17
5959,0
5960,14
5961,16
5962,11
5963,6
5964,16
5965,17
5966,6
5967,2
5968,3
5969,17
5970,10
5971,5
5972,10
5973,10
5974,7
5975,17
5976,0
5977,14
5978,0
5979,6
5980,5
5981,1
5982,1
5983,3
5984,16
5985,14
5986,6
5987,17
5988,15
5989,10
5990,0
5991,17
5992,6
5993,8
5994,17
5995,8
5996,17
5997,3
5998,10
5999,3
6000,2
6001,15
6002,10
6003,14
6004,8
6005,3
6006,5
6007,0
6008,3
6009,5
6010,17
6011,10
6012,10
6013,6
6014,5
6015,10
6016,10
6017,0
6018,14
6019,17
6020,10
6021,3
6022,5
6023,0
6024,3
6025,14
6026,5
6027,8
6028,10
6029,16
6030,10
6031,0
6032,0
6033,17
6034,10
6035,14
6036,6
6037,0
6038,13
6039,3
6040,2
6041,5
6042,10
6043,14
6044,16
6045,17
6046,17
6047,10
6048,0
6049,17
6050,17
6051,0
6052,10
6053,3
6054,17
6055,10
6056,8
6057,16
6058,17
6059,6
6060,7
6061,10
6062,10
6063,17
6064,17
6065,8
6066,17
6067,10
6068,7
6069,10
6070,8
6071,14
6072,5
6073,15
6074,10
6075,10
6076,15
6077,0
6078,10
6079,6
6080,17
6081,6
6082,14
6083,17
6084,1
6085,3
6086,15
6087,6
6088,17
6089,14
6090,0
6091,3
6092,15
6093,17
6094,14
6095,17
6096,14
6097,6
6098,10
6099,16
6100,0
6101,10
6102,17
6103,14
6104,10
6105,0
6106,3
6107,10
6108,0
6109,15
6110,10
6111,10
6112,17
6113,10
6114,16
6115,14
6116,1
6117,10
6118,17
6119,17
6120,17
6121,5
6122,10
6123,3
6124,6
6125,17
6126,10
6127,16
6128,1
6129,10
6130,0
6131,14
6132,3
6133,10
6134,8
6135,17
6136,17
6137,3
6138,5
6139,6
6140,0
6141,0
6142,0
6143,0
6144,6
6145,10
6146,0
6147,0
6148,8
6149,17
6150,17
6151,10
6152,15
6153,3
6154,17
6155,11
6156,0
6157,17
6158,0
6159,7
6160,1
6161,15
6162,3
6163,17
6164,10
6165,0
6166,6
6167,11
6168,0
6169,17
6170,17
6171,17
6172,8
6173,10
6174,10
6175,10
6176,10
6177,17
6178,7
6179,10
6180,3
6181,17
6182,0
6183,8
6184,15
6185,17
6186,5
6187,8
6188,10
6189,17
6190,17
6191,9
6192,10
6193,0
6194,3
6195,17
6196,8
6197,6
6198,6
6199,10
6200,10
6201,11
6202,8
6203,17
6204,10
6205,0
6206,10
6207,8
6208,6
6209,3
6210,10
6211,3
6212,5
6213,17
6214,14
6215,15
6216,5
6217,15
6218,17
6219,0
6220,10
6221,5
6222,8
6223,0
6224,17
6225,5
6226,17
6227,17
6228,5
6229,10
6230,17
6231,17
6232,0
6233,11
6234,0
6235,17
6236,0
6237,6
6238,10
6239,6
6240,17
6241,16
6242,10
6243,14
6244,17
6245,17
6246,3
6247,10
6248,17
6249,15
6250,8
6251,8
6252,7
6253,5
6254,5
6255,11
6256,3
6257,17
6258,17
6259,17
6260,10
6261,14
6262,17
6263,10
6264,12
6265,0
6266,8
6267,17
6268,8
6269,10
6270,11
6271,11
6272,16
6273,7
6274,10
6275,3
6276,6
6277,6
6278,17
6279,17
6280,6
6281,17
6282,8
6283,3
6284,1
6285,0
6286,17
6287,15
6288,10
6289,3
6290,15
6291,0
6292,5
6293,5
6294,5
6295,0
6296,0
6297,16
6298,15
6299,8
6300,8
6301,0
6302,6
6303,16
6304,10
6305,8
6306,6
6307,17
6308,2
6309,17
6310,14
6311,10
6312,8
6313,6
6314,17
6315,17
6316,14
6317,10
6318,0
6319,17
6320,9
6321,15
6322,0
6323,10
6324,17
6325,12
6326,0
6327,6
6328,14
6329,8
6330,6
6331,17
6332,2
6333,0
6334,17
6335,3
6336,17
6337,5
6338,16
6339,10
6340,5
6341,3
6342,5
6343,0
6344,10
6345,16
6346,8
6347,10
6348,2
6349,3
6350,5
6351,0
6352,8
6353,14
6354,0
6355,5
6356,0
6357,8
6358,17
6359,0
6360,3
6361,0
6362,3
6363,8
6364,6
6365,12
6366,6
6367,10
6368,17
6369,0
6370,17
6371,16
6372,17
6373,6
6374,15
6375,17
6376,0
6377,10
6378,8
6379,11
6380,15
6381,0
6382,3
6383,10
6384,3
6385,6
6386,6
6387,0
6388,0
6389,0
6390,5
6391,0
6392,10
6393,5
6394,10
6395,3
6396,10
6397,10
6398,0
6399,17
6400,10
6401,17
6402,3
6403,0
6404,3
6405,0
6406,11
6407,6
6408,8
6409,0
6410,10
6411,8
6412,8
6413,10
6414,14
6415,17
6416,13
6417,5
6418,6
6419,8
6420,8
6421,17
6422,17
6423,15
6424,10
6425,10
6426,10
6427,8
6428,16
6429,6
6430,0
6431,17
6432,6
6433,10
6434,10
6435,8
6436,17
6437,0
6438,17
6439,10
6440,2
6441,3
6442,15
6443,6
6444,0
6445,14
6446,10
6447,3
6448,17
6449,3
6450,17
6451,3
6452,0
6453,1
6454,6
6455,15
6456,16
6457,0
6458,8
6459,6
6460,14
6461,10
6462,10
6463,14
6464,6
6465,14
6466,17
6467,0
6468,5
6469,10
6470,6
6471,16
6472,12
6473,0
6474,14
6475,5
6476,11
6477,14
6478,17
6479,10
6480,8
6481,16
6482,6
6483,10
6484,6
6485,9
6486,16
6487,6
6488,0
6489,14
6490,14
6491,10
6492,6
6493,17
6494,6
6495,5
6496,0
6497,10
6498,6
6499,10
6500,11
6501,10
6502,5
6503,17
6504,17
6505,17
6506,16
6507,0
6508,3
6509,10
6510,11
6511,10
6512,5
6513,1
6514,14
6515,5
6516,10
6517,0
6518,6
6519,6
6520,5
6521,0
6522,7
6523,0
6524,10
6525,0
6526,17
6527,6
6528,5
6529,8
6530,17
6531,5
6532,10
6533,10
6534,17
6535,10
6536,0
6537,14
6538,5
6539,6
6540,17
6541,17
6542,14
6543,6
6544,10
6545,11
6546,15
6547,17
6548,17
6549,16
6550,10
6551,16
6552,0
6553,0
6554,0
6555,0
6556,17
6557,8
6558,0
6559,0
6560,5
6561,17
6562,17
6563,5
6564,3
6565,15
6566,8
6567,10
6568,6
6569,12
6570,3
6571,10
6572,17
6573,3
6574,8
6575,8
6576,17
6577,17
6578,17
6579,0
6580,0
6581,17
6582,12
6583,6
6584,15
6585,6
6586,10
6587,11
6588,14
6589,17
6590,8
6591,6
6592,5
6593,8
6594,17
6595,0
6596,17
6597,6
6598,2
6599,17
6600,3
6601,0
6602,10
6603,0
6604,10
6605,14
6606,5
6607,0
6608,10
6609,17
6610,0
6611,3
6612,11
6613,0
6614,14
6615,0
6616,15
6617,17
6618,0
6619,14
6620,17
6621,6
6622,10
6623,11
6624,3
6625,6
6626,13
6627,17
6628,17
6629,17
6630,10
6631,17
6632,3
6633,0
6634,3
6635,17
6636,3
6637,8
6638,17
6639,0
6640,2
6641,10
6642,8
6643,17
6644,0
6645,8
6646,17
6647,16
6648,17
6649,0
6650,17
6651,17
6652,2
6653,6
6654,0
6655,14
6656,6
6657,17
6658,8
6659,17
6660,3
6661,8
6662,2
6663,10
6664,10
6665,0
6666,0
6667,14
6668,16
6669,10
6670,3
6671,10
6672,10
6673,17
6674,17
6675,5
6676,17
6677,6
6678,14
6679,17
6680,0
6681,0
6682,14
6683,5
6684,17
6685,6
6686,17
6687,8
6688,8
6689,0
6690,14
6691,12
6692,17
6693,6
6694,3
6695,0
6696,5
6697,0
6698,0
6699,17
6700,5
6701,10
6702,6
6703,10
6704,7
6705,14
6706,14
6707,0
6708,10
6709,8
6710,10
6711,6
6712,14
6713,6
6714,5
6715,10
6716,9
6717,17
6718,10
6719,6
6720,10
6721,8
6722,17
6723,2
6724,17
6725,15
6726,8
6727,7
6728,0
6729,5
6730,10
6731,2
6732,8
6733,8
6734,10
6735,10
6736,0
6737,6
6738,17
6739,10
6740,16
6741,8
6742,14
6743,10
6744,17
6745,6
6746,14
6747,5
6748,6
6749,17
6750,0
6751,0
6752,15
6753,0
6754,10
6755,8
6756,14
6757,11
6758,15
6759,14
6760,0
6761,3
6762,14
6763,10
6764,0
6765,10
6766,17
6767,10
6768,13
6769,14
6770,8
6771,17
6772,3
6773,10
6774,6
6775,3
6776,10
6777,17
6778,4
6779,5
6780,10
6781,10
6782,14
6783,9
6784,3
6785,15
6786,17
6787,14
6788,14
6789,0
6790,17
6791,17
6792,0
6793,16
6794,14
6795,3
6796,10
6797,0
6798,10
6799,11
6800,7
6801,6
6802,10
6803,6
6804,11
6805,6
6806,8
6807,14
6808,0
6809,17
6810,15
6811,13
6812,15
6813,10
6814,11
6815,0
6816,17
6817,9
6818,15
6819,10
6820,8
6821,0
6822,5
6823,10
6824,3
6825,10
6826,6
6827,10
6828,11
6829,10
6830,3
6831,10
6832,14
6833,0
6834,5
6835,10
6836,17
6837,6
6838,14
6839,10
6840,17
6841,0
6842,10
6843,16
6844,10
6845,8
6846,0
6847,17
6848,16
6849,17
6850,10
6851,14
6852,8
6853,17
6854,10
6855,17
6856,17
6857,0
6858,8
6859,10
6860,6
6861,17
6862,15
6863,0
6864,3
6865,6
6866,15
6867,8
6868,17
6869,8
6870,0
6871,6
6872,6
6873,14
6874,17
6875,17
6876,8
6877,10
6878,8
6879,17
6880,10
6881,14
6882,10
6883,14
6884,5
6885,17
6886,10
6887,5
6888,17
6889,17
6890,5
6891,6
6892,3
6893,10
6894,5
6895,14
6896,17
6897,0
6898,14
6899,17
6900,8
6901,3
6902,5
6903,8
6904,0
6905,17
6906,14
6907,3
6908,10
6909,4
6910,0
6911,13
6912,0
6913,17
6914,3
6915,10
6916,11
6917,0
6918,14
6919,17
6920,17
6921,17
6922,3
6923,6
6924,10
6925,6
6926,10
6927,9
6928,14
6929,3
6930,0
6931,0
6932,10
6933,9
6934,17
6935,17
6936,3
6937,1
6938,17
6939,8
6940,17
6941,3
6942,11
6943,16
6944,6
6945,6
6946,17
6947,14
6948,0
6949,17
6950,0
6951,17
6952,10
6953,0
6954,6
6955,17
6956,6
6957,3
6958,15
6959,15
6960,0
6961,6
6962,6
6963,3
6964,8
6965,3
6966,17
6967,8
6968,10
6969,8
6970,3
6971,10
6972,10
6973,17
6974,17
6975,0
6976,10
6977,6
6978,5
6979,8
6980,3
6981,8
6982,12
6983,10
6984,10
6985,17
6986,17
6987,17
6988,0
6989,17
6990,10
6991,8
6992,6
6993,15
6994,1
6995,10
6996,17
6997,6
6998,17
6999,17
7000,3
7001,15
7002,10
7003,6
7004,3
7005,6
7006,0
7007,16
7008,3
7009,17
7010,17
7011,6
7012,0
7013,10
7014,11
7015,8
7016,8
7017,0
7018,5
7019,17
7020,8
7021,17
7022,3
7023,17
7024,10
7025,14
7026,17
7027,8
7028,17
7029,7
7030,17
7031,8
7032,17
7033,15
7034,5
7035,5
7036,6
7037,14
7038,10
7039,11
7040,10
7041,3
7042,0
7043,15
7044,6
7045,5
7046,8
7047,11
7048,6
7049,17
7050,8
7051,3
7052,17
7053,17
7054,5
7055,0
7056,16
7057,16
7058,17
7059,15
7060,10
7061,14
7062,10
7063,17
7064,15
7065,17
7066,17
7067,8
7068,10
7069,10
7070,17
7071,1
7072,0
7073,5
7074,10
7075,0
7076,13
7077,10
7078,17
7079,17
7080,10
7081,17
7082,15
7083,14
7084,13
7085,10
7086,17
7087,17
7088,10
7089,14
7090,6
7091,0
7092,10
7093,17
7094,10
7095,10
7096,5
7097,6
7098,10
7099,16
7100,10
7101,3
7102,9
7103,17
7104,3
7105,3
7106,7
7107,6
7108,0
7109,8
7110,17
7111,17
7112,10
7113,2
7114,6
7115,10
7116,14
7117,14
7118,0
7119,17
7120,17
7121,11
7122,10
7123,14
7124,10
7125,17
7126,10
7127,0
7128,3
7129,6
7130,0
7131,10
7132,17
7133,3
7134,0
7135,8
7136,3
7137,10
7138,17
7139,15
7140,17
7141,15
7142,17
7143,10
7144,15
7145,17
7146,16
7147,17
7148,3
7149,2
7150,3
7151,6
7152,17
7153,3
7154,16
7155,12
7156,11
7157,12
7158,10
7159,8
7160,0
7161,15
7162,8
7163,17
7164,10
7165,17
7166,17
7167,16
7168,8
7169,0
7170,6
7171,0
7172,3
7173,10
7174,0
7175,16
7176,7
7177,6
7178,17
7179,0
7180,5
7181,0
7182,8
7183,10
7184,10
7185,17
7186,10
7187,0
7188,9
7189,8
7190,17
7191,10
7192,15
7193,8
7194,8
7195,5
7196,16
7197,17
7198,14
7199,17
7200,14
7201,8
7202,0
7203,0
7204,6
7205,17
7206,0
7207,12
7208,15
7209,6
7210,10
7211,17
7212,17
7213,5
7214,17
7215,11
7216,10
7217,10
7218,0
7219,10
7220,5
7221,3
7222,2
7223,10
7224,14
7225,10
7226,0
7227,11
7228,17
7229,5
7230,11
7231,10
7232,5
7233,10
7234,10
7235,10
7236,5
7237,0
7238,17
7239,15
7240,10
7241,17
7242,8
7243,7
7244,10
7245,6
7246,6
7247,0
7248,14
7249,3
7250,9
7251,17
7252,0
7253,0
7254,17
7255,5
7256,8
7257,15
7258,3
7259,0
7260,10
7261,0
7262,17
7263,0
7264,5
7265,16
7266,6
7267,10
7268,14
7269,6
7270,0
7271,6
7272,0
7273,14
7274,7
7275,10
7276,17
7277,0
7278,17
7279,3
7280,16
7281,0
7282,0
7283,7
7284,0
7285,6
7286,1
7287,2
7288,10
7289,14
7290,14
7291,1
7292,17
7293,0
7294,8
7295,14
7296,10
7297,10
7298,14
7299,11
7300,6
7301,6
7302,6
7303,10
7304,17
7305,0
7306,5
7307,15
7308,17
7309,14
7310,17
7311,17
7312,17
7313,17
7314,3
7315,15
7316,17
7317,6
7318,3
7319,10
7320,17
7321,10
7322,0
7323,17
7324,10
7325,16
7326,10
7327,10
7328,0
7329,16
7330,10
7331,10
7332,17
7333,5
7334,11
7335,5
7336,6
7337,3
7338,5
7339,14
7340,3
7341,10
7342,5
7343,16
7344,0
7345,17
7346,10
7347,0
7348,3
7349,0
7350,8
7351,16
7352,8
7353,0
7354,15
7355,10
7356,10
7357,10
7358,10
7359,10
7360,15
7361,16
7362,10
7363,10
7364,10
7365,3
7366,17
7367,10
7368,17
7369,8
7370,16
7371,15
7372,10
7373,17
7374,8
7375,0
7376,17
7377,17
7378,17
7379,0
7380,0
7381,17
7382,2
7383,10
7384,10
7385,17
7386,17
7387,16
7388,8
7389,5
7390,10
7391,0
7392,14
7393,5
7394,17
7395,17
7396,0
7397,10
7398,0
7399,10
7400,17
7401,17
7402,8
7403,10
7404,0
7405,11
7406,15
7407,5
7408,17
7409,0
7410,11
7411,10
7412,16
7413,17
7414,0
7415,10
7416,10
7417,5
7418,17
7419,17
7420,5
7421,6
7422,5
7423,17
7424,9
7425,0
7426,10
7427,10
7428,10
7429,8
7430,0
7431,10
7432,16
7433,0
7434,5
7435,10
7436,0
7437,14
7438,5
7439,3
7440,10
7441,13
7442,0
7443,14
7444,0
7445,9
7446,17
7447,14
7448,17
7449,3
7450,10
7451,6
7452,15
7453,17
7454,15
7455,17
7456,0
7457,17
7458,17
7459,8
7460,0
7461,17
7462,17
7463,14
7464,6
7465,14
7466,0
7467,10
7468,2
7469,8
7470,10
7471,12
7472,6
7473,6
7474,1
7475,2
7476,10
7477,11
7478,14
7479,6
7480,10
7481,10
7482,17
7483,16
7484,0
7485,10
7486,17
7487,17
7488,17
7489,8
7490,0
7491,10
7492,6
7493,5
7494,14
7495,17
7496,6
7497,17
7498,14
7499,6
7500,17
7501,6
7502,16
7503,14
7504,5
7505,2
7506,16
7507,0
7508,17
7509,10
7510,17
7511,0
7512,15
7513,17
7514,6
7515,9
7516,10
7517,0
7518,17
7519,5
7520,14
7521,0
7522,10
7523,14
7524,6
7525,14
7526,17
7527,14
7528,17
7529,0
7530,6
7531,0
7532,0
7533,15
7534,3
7535,6
7536,15
7537,6
7538,14
7539,17
7540,15
7541,0
7542,5
7543,3
7544,14
7545,5
7546,3
7547,0
7548,0
7549,3
7550,3
7551,5
7552,8
7553,10
7554,17
7555,10
7556,10
7557,0
7558,0
7559,17
7560,15
7561,3
7562,17
7563,14
7564,17
7565,10
7566,10
7567,10
7568,10
7569,17
7570,17
7571,3
7572,0
7573,17
7574,14
7575,0
7576,17
7577,17
7578,0
7579,2
7580,17
7581,8
7582,16
7583,7
7584,10
7585,0
7586,10
7587,17
7588,6
7589,17
7590,0
7591,17
7592,5
7593,17
7594,17
7595,17
7596,17
7597,17
7598,10
7599,14
7600,17
7601,14
7602,17
7603,17
7604,11
7605,10
7606,0
7607,17
7608,14
7609,10
7610,17
7611,0
7612,6
7613,6
7614,17
7615,17
7616,10
7617,16
7618,17
7619,10
7620,10
7621,0
7622,17
7623,11
